comment_count,edit_url,post_id,refer_url,title,url,view_count
0,https://i.cnblogs.com/EditPosts.aspx?postid=8175628,8175628,http://www.cnblogs.com/zhaojiedi1992/default.html?page=1,reStructuredText的学习,http://www.cnblogs.com/zhaojiedi1992/p/zhaojiedi_liunx_30_python_restructuredtext.html,37
0,https://i.cnblogs.com/EditPosts.aspx?postid=6788874,6788874,http://www.cnblogs.com/zhaojiedi1992/default.html?page=1,LINUX负载均衡LVS-NAT搭建,http://www.cnblogs.com/zhaojiedi1992/p/zhaojiedi_linux_021_lvsnat.html,2045
0,https://i.cnblogs.com/EditPosts.aspx?postid=6789262,6789262,http://www.cnblogs.com/zhaojiedi1992/default.html?page=1,LINUX负载均衡LVS-DR搭建,http://www.cnblogs.com/zhaojiedi1992/p/zhaojiedi_linux_022_lvsdr.html,80
0,https://i.cnblogs.com/EditPosts.aspx?postid=6797775,6797775,http://www.cnblogs.com/zhaojiedi1992/default.html?page=1,搭建时间服务器,http://www.cnblogs.com/zhaojiedi1992/p/zhaojiedi_linux_022_ntp.html,76
0,https://i.cnblogs.com/EditPosts.aspx?postid=6837480,6837480,http://www.cnblogs.com/zhaojiedi1992/default.html?page=1,oracle12c创建用户提示ORA-65096：公用用户名或角色无效,http://www.cnblogs.com/zhaojiedi1992/p/zhaojiedi_oracle_createuser.html,3271
0,https://i.cnblogs.com/EditPosts.aspx?postid=6845610,6845610,http://www.cnblogs.com/zhaojiedi1992/default.html?page=1,创建全国省市县编码数据库（最新）,http://www.cnblogs.com/zhaojiedi1992/p/zhaojiedi_plsql_070_city.html,57
0,https://i.cnblogs.com/EditPosts.aspx?postid=6848150,6848150,http://www.cnblogs.com/zhaojiedi1992/default.html?page=1,Linux两台主机之间建立信任（ssh免密码）,http://www.cnblogs.com/zhaojiedi1992/p/zhaojiedi_linux_023_sshgenkey.html,228
0,https://i.cnblogs.com/EditPosts.aspx?postid=6848310,6848310,http://www.cnblogs.com/zhaojiedi1992/default.html?page=1,创建简单WEB高可用集群,http://www.cnblogs.com/zhaojiedi1992/p/zhaojiedi_linux_024_haweb.html,132
0,https://i.cnblogs.com/EditPosts.aspx?postid=6917968,6917968,http://www.cnblogs.com/zhaojiedi1992/default.html?page=1,转载：给你掰扯清楚什么是正向代理，什么是反向代理,http://www.cnblogs.com/zhaojiedi1992/p/zhaojiedi_linux_025_agent.html,41
0,https://i.cnblogs.com/EditPosts.aspx?postid=6970146,6970146,http://www.cnblogs.com/zhaojiedi1992/default.html?page=1,DocX开源WORD操作组件的学习系列一,http://www.cnblogs.com/zhaojiedi1992/p/zhaojiedi_sharp_001_docx1.html,349
0,https://i.cnblogs.com/EditPosts.aspx?postid=6970290,6970290,http://www.cnblogs.com/zhaojiedi1992/default.html?page=1,DocX开源WORD操作组件的学习系列二,http://www.cnblogs.com/zhaojiedi1992/p/zhaojiedi_csharp_005_docx2.html,411
0,https://i.cnblogs.com/EditPosts.aspx?postid=6971537,6971537,http://www.cnblogs.com/zhaojiedi1992/default.html?page=1,DocX开源WORD操作组件的学习系列三,http://www.cnblogs.com/zhaojiedi1992/p/zhaojiedi_csharp_006_docx3.html,258
0,https://i.cnblogs.com/EditPosts.aspx?postid=6972466,6972466,http://www.cnblogs.com/zhaojiedi1992/default.html?page=1,DocX开源WORD操作组件的学习系列四,http://www.cnblogs.com/zhaojiedi1992/p/zhaojiedi_csharp_006_docx4.html,492
0,https://i.cnblogs.com/EditPosts.aspx?postid=6978190,6978190,http://www.cnblogs.com/zhaojiedi1992/default.html?page=1,LEMP平台全编译搭建,http://www.cnblogs.com/zhaojiedi1992/p/zhaojiedi_linux_026_lemp.html,30
0,https://i.cnblogs.com/EditPosts.aspx?postid=7091531,7091531,http://www.cnblogs.com/zhaojiedi1992/default.html?page=1,ansible学习系列1-ansible简介,http://www.cnblogs.com/zhaojiedi1992/p/zhaojiedi_linux_031_ansible01.html,37
0,https://i.cnblogs.com/EditPosts.aspx?postid=7091861,7091861,http://www.cnblogs.com/zhaojiedi1992/default.html?page=1,ansible学习系列2-ansible常用模块使用,http://www.cnblogs.com/zhaojiedi1992/p/zhaojiedi_linux_032_ansible02.html,530
0,https://i.cnblogs.com/EditPosts.aspx?postid=3092651,3092651,http://www.cnblogs.com/zhaojiedi1992/default.html?page=3,管理表空间和数据文件——建立表空间——建立临时表空间,http://www.cnblogs.com/zhaojiedi1992/archive/2013/05/22/oracle11g_sql_0046.html,61
0,https://i.cnblogs.com/EditPosts.aspx?postid=3052553,3052553,http://www.cnblogs.com/zhaojiedi1992/default.html?page=4,使用控制结构——循环语句——WHILE循环,http://www.cnblogs.com/zhaojiedi1992/archive/2013/04/30/oracle11g_sql_007.html,41
0,https://i.cnblogs.com/EditPosts.aspx?postid=3052568,3052568,http://www.cnblogs.com/zhaojiedi1992/default.html?page=4,使用控制结构——循环语句——FOR循环,http://www.cnblogs.com/zhaojiedi1992/archive/2013/04/30/oracle11g_sql_008.html,33
0,https://i.cnblogs.com/EditPosts.aspx?postid=3052588,3052588,http://www.cnblogs.com/zhaojiedi1992/default.html?page=4,使用控制结构——循环语句——嵌套循环和标号,http://www.cnblogs.com/zhaojiedi1992/archive/2013/04/30/oracle11g_sql_009.html,28
0,https://i.cnblogs.com/EditPosts.aspx?postid=3052596,3052596,http://www.cnblogs.com/zhaojiedi1992/default.html?page=4,使用控制结构——顺序控制语句——GOTO和NULL,http://www.cnblogs.com/zhaojiedi1992/archive/2013/04/30/oracle11g_sql_0010.html,74
0,https://i.cnblogs.com/EditPosts.aspx?postid=3052634,3052634,http://www.cnblogs.com/zhaojiedi1992/default.html?page=4,使用游标——显式游标,http://www.cnblogs.com/zhaojiedi1992/archive/2013/04/30/oracle11g_sql_0011.html,223
0,https://i.cnblogs.com/EditPosts.aspx?postid=3052648,3052648,http://www.cnblogs.com/zhaojiedi1992/default.html?page=4,使用游标——参数游标,http://www.cnblogs.com/zhaojiedi1992/archive/2013/04/30/oracle11g_sql_0012.html,859
0,https://i.cnblogs.com/EditPosts.aspx?postid=3052793,3052793,http://www.cnblogs.com/zhaojiedi1992/default.html?page=4,使用游标——游标FOR循环,http://www.cnblogs.com/zhaojiedi1992/archive/2013/05/01/oracle11g_sql_0013.html,6213
0,https://i.cnblogs.com/EditPosts.aspx?postid=3052832,3052832,http://www.cnblogs.com/zhaojiedi1992/default.html?page=4,使用游标——使用游标更新或删除数据,http://www.cnblogs.com/zhaojiedi1992/archive/2013/05/01/oracle11g_sql_0014.html,3171
0,https://i.cnblogs.com/EditPosts.aspx?postid=3052973,3052973,http://www.cnblogs.com/zhaojiedi1992/default.html?page=4,使用例外,http://www.cnblogs.com/zhaojiedi1992/archive/2013/05/01/oracle11g_sql_0015.html,70
0,https://i.cnblogs.com/EditPosts.aspx?postid=3053199,3053199,http://www.cnblogs.com/zhaojiedi1992/default.html?page=4,使用复合数据类型——PL/SQL记录,http://www.cnblogs.com/zhaojiedi1992/archive/2013/05/01/oracle11g_sql_0016.html,274
0,https://i.cnblogs.com/EditPosts.aspx?postid=3053413,3053413,http://www.cnblogs.com/zhaojiedi1992/default.html?page=4,使用复合数据类型——PL/SQL表,http://www.cnblogs.com/zhaojiedi1992/archive/2013/05/01/oracle11g_sql_0017.html,73
0,https://i.cnblogs.com/EditPosts.aspx?postid=3053427,3053427,http://www.cnblogs.com/zhaojiedi1992/default.html?page=4,使用复合数据类型——PL/SQL记录表,http://www.cnblogs.com/zhaojiedi1992/archive/2013/05/01/oracle11g_sql_0018.html,181
0,https://i.cnblogs.com/EditPosts.aspx?postid=3054392,3054392,http://www.cnblogs.com/zhaojiedi1992/default.html?page=4,开发PL/SQL子程序——过程,http://www.cnblogs.com/zhaojiedi1992/archive/2013/05/02/oracle11g_sql_0019.html,45
0,https://i.cnblogs.com/EditPosts.aspx?postid=3054403,3054403,http://www.cnblogs.com/zhaojiedi1992/default.html?page=4,开发PL/SQL子程序——函数,http://www.cnblogs.com/zhaojiedi1992/archive/2013/05/02/oracle11g_sql_0020.html,33
0,https://i.cnblogs.com/EditPosts.aspx?postid=3058423,3058423,http://www.cnblogs.com/zhaojiedi1992/default.html?page=4,开发PL/SQL子程序——包,http://www.cnblogs.com/zhaojiedi1992/archive/2013/05/03/oracle11g_sql_0021.html,18
0,https://i.cnblogs.com/EditPosts.aspx?postid=2612579,2612579,http://www.cnblogs.com/zhaojiedi1992/default.html?page=6,HDUOJ3201  Build a Fence,http://www.cnblogs.com/zhaojiedi1992/archive/2012/07/27/zhaojiedi_2012_07_2400.html,36
0,https://i.cnblogs.com/EditPosts.aspx?postid=2609285,2609285,http://www.cnblogs.com/zhaojiedi1992/default.html?page=7,nyoj455黑色帽子,http://www.cnblogs.com/zhaojiedi1992/archive/2012/07/26/zhaojiedi_2012_06_2100000.html,45
0,https://i.cnblogs.com/EditPosts.aspx?postid=2609286,2609286,http://www.cnblogs.com/zhaojiedi1992/default.html?page=7,nyoj97兄弟郊游问题,http://www.cnblogs.com/zhaojiedi1992/archive/2012/07/26/zhaojiedi_2012_06_18.html,38
0,https://i.cnblogs.com/EditPosts.aspx?postid=2609287,2609287,http://www.cnblogs.com/zhaojiedi1992/default.html?page=7,nyoj53不高兴的小明,http://www.cnblogs.com/zhaojiedi1992/archive/2012/07/26/zhaojiedi1992_2012_06_180.html,226
0,https://i.cnblogs.com/EditPosts.aspx?postid=2609288,2609288,http://www.cnblogs.com/zhaojiedi1992/default.html?page=7,nyoj23取石子（一）,http://www.cnblogs.com/zhaojiedi1992/archive/2012/07/26/zhaojiedi_2012_06_1800.html,42
0,https://i.cnblogs.com/EditPosts.aspx?postid=2609289,2609289,http://www.cnblogs.com/zhaojiedi1992/default.html?page=7,nyoj436sum of all integer numbers,http://www.cnblogs.com/zhaojiedi1992/archive/2012/07/26/zhaojiedi_2012_06_16.html,62
0,https://i.cnblogs.com/EditPosts.aspx?postid=2609290,2609290,http://www.cnblogs.com/zhaojiedi1992/default.html?page=7,nyoj50爱摘苹果的小明,http://www.cnblogs.com/zhaojiedi1992/archive/2012/07/26/zhaojiedi_2012_06_15.html,111
0,https://i.cnblogs.com/EditPosts.aspx?postid=2609291,2609291,http://www.cnblogs.com/zhaojiedi1992/default.html?page=7,nyoj206矩形的个数,http://www.cnblogs.com/zhaojiedi1992/archive/2012/07/26/zhaojiedi_2012_06_14.html,34
0,https://i.cnblogs.com/EditPosts.aspx?postid=2609292,2609292,http://www.cnblogs.com/zhaojiedi1992/default.html?page=7,nyoj259茵茵的第一课,http://www.cnblogs.com/zhaojiedi1992/archive/2012/07/26/zhaojiedi_2012_06_140.html,142
0,https://i.cnblogs.com/EditPosts.aspx?postid=2609293,2609293,http://www.cnblogs.com/zhaojiedi1992/default.html?page=7,nyoj198数数,http://www.cnblogs.com/zhaojiedi1992/archive/2012/07/26/zhaojiedi_2012_06_14000.html,117
0,https://i.cnblogs.com/EditPosts.aspx?postid=2612497,2612497,http://www.cnblogs.com/zhaojiedi1992/default.html?page=7,NYOJ261玩转矩阵的C小加,http://www.cnblogs.com/zhaojiedi1992/archive/2012/07/27/zhaojiedi_2012_07_26.html,36
0,https://i.cnblogs.com/EditPosts.aspx?postid=2612498,2612498,http://www.cnblogs.com/zhaojiedi1992/default.html?page=7,nyoj113字符串替换,http://www.cnblogs.com/zhaojiedi1992/archive/2012/07/27/zhaojiedi_2012_07_260.html,31
0,https://i.cnblogs.com/EditPosts.aspx?postid=2612501,2612501,http://www.cnblogs.com/zhaojiedi1992/default.html?page=7,NYOJ260数数小木块,http://www.cnblogs.com/zhaojiedi1992/archive/2012/07/27/zhaojiedi_2012_06_1400.html,38
0,https://i.cnblogs.com/EditPosts.aspx?postid=2612503,2612503,http://www.cnblogs.com/zhaojiedi1992/default.html?page=7,NYOJ324猴子吃桃问题,http://www.cnblogs.com/zhaojiedi1992/archive/2012/07/27/zhaojiedi_2012_06_12.html,24
0,https://i.cnblogs.com/EditPosts.aspx?postid=2612506,2612506,http://www.cnblogs.com/zhaojiedi1992/default.html?page=7,NYOJ399整除个数,http://www.cnblogs.com/zhaojiedi1992/archive/2012/07/27/zhaojiedi_2012_06_120.html,55
0,https://i.cnblogs.com/EditPosts.aspx?postid=2612514,2612514,http://www.cnblogs.com/zhaojiedi1992/default.html?page=7,NYOJ457大小写互换,http://www.cnblogs.com/zhaojiedi1992/archive/2012/07/27/zhaojiedi_2012_06_1200.html,49
0,https://i.cnblogs.com/EditPosts.aspx?postid=2600589,2600589,http://www.cnblogs.com/zhaojiedi1992/default.html?page=8,nyoj7街区最短路径问题,http://www.cnblogs.com/zhaojiedi1992/archive/2012/07/20/zhaojiedi_2012_07_14.html,50
0,https://i.cnblogs.com/EditPosts.aspx?postid=2601895,2601895,http://www.cnblogs.com/zhaojiedi1992/default.html?page=8,nyoj90整数划分,http://www.cnblogs.com/zhaojiedi1992/archive/2012/07/21/zhaojiedi_2012_07_17.html,14
0,https://i.cnblogs.com/EditPosts.aspx?postid=2601896,2601896,http://www.cnblogs.com/zhaojiedi1992/default.html?page=8,nyoj66分数拆分,http://www.cnblogs.com/zhaojiedi1992/archive/2012/07/21/zhaojiedi_2012_07_170.html,28
0,https://i.cnblogs.com/EditPosts.aspx?postid=2601901,2601901,http://www.cnblogs.com/zhaojiedi1992/default.html?page=8,nyoj144小珂的苦恼,http://www.cnblogs.com/zhaojiedi1992/archive/2012/07/21/zhaojiedi_2012_07_13.html,64
0,https://i.cnblogs.com/EditPosts.aspx?postid=2601902,2601902,http://www.cnblogs.com/zhaojiedi1992/default.html?page=8,nyoj67三角形面积,http://www.cnblogs.com/zhaojiedi1992/archive/2012/07/21/zhaojiedi_2012_07_12.html,28
0,https://i.cnblogs.com/EditPosts.aspx?postid=2601906,2601906,http://www.cnblogs.com/zhaojiedi1992/default.html?page=8,nyoj168房间安排,http://www.cnblogs.com/zhaojiedi1992/archive/2012/07/21/zhaojiedi_2012_07_120.html,228
0,https://i.cnblogs.com/EditPosts.aspx?postid=2601908,2601908,http://www.cnblogs.com/zhaojiedi1992/default.html?page=8,nyoj312   20岁生日,http://www.cnblogs.com/zhaojiedi1992/archive/2012/07/21/zhaojiedi_2012_07_1200.html,87
0,https://i.cnblogs.com/EditPosts.aspx?postid=2601909,2601909,http://www.cnblogs.com/zhaojiedi1992/default.html?page=8,nyoj429 骨牌铺方格,http://www.cnblogs.com/zhaojiedi1992/archive/2012/07/21/zhaojiedi_2012_07_12000.html,67
0,https://i.cnblogs.com/EditPosts.aspx?postid=2601911,2601911,http://www.cnblogs.com/zhaojiedi1992/default.html?page=8,nyoj73   比大小,http://www.cnblogs.com/zhaojiedi1992/archive/2012/07/21/zhaojiedi_2012_07_11.html,226
0,https://i.cnblogs.com/EditPosts.aspx?postid=2601912,2601912,http://www.cnblogs.com/zhaojiedi1992/default.html?page=8,nyoj5 Binary String Matching,http://www.cnblogs.com/zhaojiedi1992/archive/2012/07/21/zhaojiedi_2012_07_110.html,36
0,https://i.cnblogs.com/EditPosts.aspx?postid=2602190,2602190,http://www.cnblogs.com/zhaojiedi1992/default.html?page=8,hduoj1021    Fibonacci Again,http://www.cnblogs.com/zhaojiedi1992/archive/2012/07/21/zhaojiedi_2012_07_18.html,29
0,https://i.cnblogs.com/EditPosts.aspx?postid=2602200,2602200,http://www.cnblogs.com/zhaojiedi1992/default.html?page=8,hduoj1019  Least Common Multiple,http://www.cnblogs.com/zhaojiedi1992/archive/2012/07/21/zhaojiedi_2012_07_180.html,42
0,https://i.cnblogs.com/EditPosts.aspx?postid=2602203,2602203,http://www.cnblogs.com/zhaojiedi1992/default.html?page=8,hduoj1018  Big Number,http://www.cnblogs.com/zhaojiedi1992/archive/2012/07/21/zhaojiedi_2012_07_1800.html,26
0,https://i.cnblogs.com/EditPosts.aspx?postid=2602208,2602208,http://www.cnblogs.com/zhaojiedi1992/default.html?page=8,hduoj1097A hard puzzle,http://www.cnblogs.com/zhaojiedi1992/archive/2012/07/21/zhaojiedi_2012_06_05.html,19
0,https://i.cnblogs.com/EditPosts.aspx?postid=2602210,2602210,http://www.cnblogs.com/zhaojiedi1992/default.html?page=8,nyoj1008   Elevator,http://www.cnblogs.com/zhaojiedi1992/archive/2012/07/21/zhaojiedi_2012_05_29.html,32
0,https://i.cnblogs.com/EditPosts.aspx?postid=2602217,2602217,http://www.cnblogs.com/zhaojiedi1992/default.html?page=8,hduoj1108最小公倍数,http://www.cnblogs.com/zhaojiedi1992/archive/2012/07/21/zhaojiedi_2012_05_290.html,32
0,https://i.cnblogs.com/EditPosts.aspx?postid=2602227,2602227,http://www.cnblogs.com/zhaojiedi1992/default.html?page=8,hduoj1096A+B for Input-Output Practice (VIII),http://www.cnblogs.com/zhaojiedi1992/archive/2012/07/21/zhaojiedi_2012_05_27.html,25
0,https://i.cnblogs.com/EditPosts.aspx?postid=2602230,2602230,http://www.cnblogs.com/zhaojiedi1992/default.html?page=8,hduoj1095A+B for Input-Output Practice (VII),http://www.cnblogs.com/zhaojiedi1992/archive/2012/07/21/zhaojiedi_2012_05_270.html,32
0,https://i.cnblogs.com/EditPosts.aspx?postid=2602236,2602236,http://www.cnblogs.com/zhaojiedi1992/default.html?page=8,hduoj1094A+B for Input-Output Practice (VI),http://www.cnblogs.com/zhaojiedi1992/archive/2012/07/21/zhaojiedi_2012_05_2700.html,78
0,https://i.cnblogs.com/EditPosts.aspx?postid=2602241,2602241,http://www.cnblogs.com/zhaojiedi1992/default.html?page=8,hduoj1093A+B for Input-Output Practice (V),http://www.cnblogs.com/zhaojiedi1992/archive/2012/07/21/zhaojiedi_2012_05_27000.html,43
0,https://i.cnblogs.com/EditPosts.aspx?postid=2602243,2602243,http://www.cnblogs.com/zhaojiedi1992/default.html?page=8,hduoj1092,http://www.cnblogs.com/zhaojiedi1992/archive/2012/07/21/zhaojiedi_2012_05_270000.html,22
0,https://i.cnblogs.com/EditPosts.aspx?postid=2602244,2602244,http://www.cnblogs.com/zhaojiedi1992/default.html?page=8,hduoj1091A+B for Input-Output Practice (III),http://www.cnblogs.com/zhaojiedi1992/archive/2012/07/21/zhaojiedi_2012_05_2700000.html,48
0,https://i.cnblogs.com/EditPosts.aspx?postid=2602246,2602246,http://www.cnblogs.com/zhaojiedi1992/default.html?page=8,hduoj1090A+B for Input-Output Practice (II),http://www.cnblogs.com/zhaojiedi1992/archive/2012/07/21/zhaojiedi_2012_05_27000000.html,25
0,https://i.cnblogs.com/EditPosts.aspx?postid=2602249,2602249,http://www.cnblogs.com/zhaojiedi1992/default.html?page=8,hduoj1089A+B for Input-Output Practice (I),http://www.cnblogs.com/zhaojiedi1992/archive/2012/07/21/zhaojiedi_2012_05_270000000.html,45
0,https://i.cnblogs.com/EditPosts.aspx?postid=2603577,2603577,http://www.cnblogs.com/zhaojiedi1992/default.html?page=8,hduoj1042N!,http://www.cnblogs.com/zhaojiedi1992/archive/2012/07/22/zhaojiedi_2012_07_22.html,28
0,https://i.cnblogs.com/EditPosts.aspx?postid=2603590,2603590,http://www.cnblogs.com/zhaojiedi1992/default.html?page=8,HDU题目分类,http://www.cnblogs.com/zhaojiedi1992/archive/2012/07/22/zhaojiedi1992.html,50
0,https://i.cnblogs.com/EditPosts.aspx?postid=2609277,2609277,http://www.cnblogs.com/zhaojiedi1992/default.html?page=8,NYOJ264国王的魔镜,http://www.cnblogs.com/zhaojiedi1992/archive/2012/07/26/zhaojiedi_2012_07_09.html,49
0,https://i.cnblogs.com/EditPosts.aspx?postid=2609278,2609278,http://www.cnblogs.com/zhaojiedi1992/default.html?page=8,nyoj417死神来了,http://www.cnblogs.com/zhaojiedi1992/archive/2012/07/26/zhaojiedi_2012_07_090.html,88
0,https://i.cnblogs.com/EditPosts.aspx?postid=2609279,2609279,http://www.cnblogs.com/zhaojiedi1992/default.html?page=8,nyoj274正三角形的外接圆面积,http://www.cnblogs.com/zhaojiedi1992/archive/2012/07/26/zhaojiedi_2012_06_28.html,50
0,https://i.cnblogs.com/EditPosts.aspx?postid=2609280,2609280,http://www.cnblogs.com/zhaojiedi1992/default.html?page=8,nyoj24大数阶乘,http://www.cnblogs.com/zhaojiedi1992/archive/2012/07/26/zhaojiedi_2012_06_280.html,47
0,https://i.cnblogs.com/EditPosts.aspx?postid=2609281,2609281,http://www.cnblogs.com/zhaojiedi1992/default.html?page=8,nyoj223小明的烦恼,http://www.cnblogs.com/zhaojiedi1992/archive/2012/07/26/zhaojiedi_2012_06_21.html,77
0,https://i.cnblogs.com/EditPosts.aspx?postid=2609282,2609282,http://www.cnblogs.com/zhaojiedi1992/default.html?page=8,nyoj458小光棍数,http://www.cnblogs.com/zhaojiedi1992/archive/2012/07/26/zhaojiedi_2012_06_2100.html,60
0,https://i.cnblogs.com/EditPosts.aspx?postid=2609283,2609283,http://www.cnblogs.com/zhaojiedi1992/default.html?page=8,nyoj244    16进制的简单运算,http://www.cnblogs.com/zhaojiedi1992/archive/2012/07/26/zhaojiedi_2012_06_21000.html,61
0,https://i.cnblogs.com/EditPosts.aspx?postid=2609284,2609284,http://www.cnblogs.com/zhaojiedi1992/default.html?page=8,nyoj263精　挑　细　选,http://www.cnblogs.com/zhaojiedi1992/archive/2012/07/26/zhaojiedi_2012_06_210000.html,74
0,https://i.cnblogs.com/EditPosts.aspx?postid=2612517,2612517,http://www.cnblogs.com/zhaojiedi1992/default.html?page=7,NYOJ463九九乘法表,http://www.cnblogs.com/zhaojiedi1992/archive/2012/07/27/zhaojiedi_2012_06_12000.html,59
0,https://i.cnblogs.com/EditPosts.aspx?postid=2612518,2612518,http://www.cnblogs.com/zhaojiedi1992/default.html?page=7,NYOJ111分数加减法,http://www.cnblogs.com/zhaojiedi1992/archive/2012/07/27/zhaojiedi_2012_06_120000.html,55
0,https://i.cnblogs.com/EditPosts.aspx?postid=2612520,2612520,http://www.cnblogs.com/zhaojiedi1992/default.html?page=7,NYOJ576174问题,http://www.cnblogs.com/zhaojiedi1992/archive/2012/07/27/zhaojiedi_2012_06_11.html,27
0,https://i.cnblogs.com/EditPosts.aspx?postid=2612525,2612525,http://www.cnblogs.com/zhaojiedi1992/default.html?page=7,NYOJ105九的余数,http://www.cnblogs.com/zhaojiedi1992/archive/2012/07/27/zhaojiedi_2012_06_110.html,28
0,https://i.cnblogs.com/EditPosts.aspx?postid=2612529,2612529,http://www.cnblogs.com/zhaojiedi1992/default.html?page=7,NYOJ266字符串逆序输出,http://www.cnblogs.com/zhaojiedi1992/archive/2012/07/27/zhaojiedi_2012_06_09.html,59
0,https://i.cnblogs.com/EditPosts.aspx?postid=2612530,2612530,http://www.cnblogs.com/zhaojiedi1992/default.html?page=7,NYOJ477A+B Problem III,http://www.cnblogs.com/zhaojiedi1992/archive/2012/07/27/zhaojiedi_2012_06_090.html,29
0,https://i.cnblogs.com/EditPosts.aspx?postid=2612531,2612531,http://www.cnblogs.com/zhaojiedi1992/default.html?page=7,NYOJ241字母统计,http://www.cnblogs.com/zhaojiedi1992/archive/2012/07/27/zhaojiedi_2012_06_0900.html,65
0,https://i.cnblogs.com/EditPosts.aspx?postid=2612532,2612532,http://www.cnblogs.com/zhaojiedi1992/default.html?page=7,NYOJ56阶乘因式分解（一）,http://www.cnblogs.com/zhaojiedi1992/archive/2012/07/27/zhaojiedi_2012_06_08.html,34
0,https://i.cnblogs.com/EditPosts.aspx?postid=2612535,2612535,http://www.cnblogs.com/zhaojiedi1992/default.html?page=7,NYOJ33蛇形填数,http://www.cnblogs.com/zhaojiedi1992/archive/2012/07/27/zhaojiedi_2012_06_0800.html,35
0,https://i.cnblogs.com/EditPosts.aspx?postid=2612538,2612538,http://www.cnblogs.com/zhaojiedi1992/default.html?page=7,NYOJ243交换输出,http://www.cnblogs.com/zhaojiedi1992/archive/2012/07/27/zhaojiedi_2012_06_07.html,74
0,https://i.cnblogs.com/EditPosts.aspx?postid=2612539,2612539,http://www.cnblogs.com/zhaojiedi1992/default.html?page=7,NYOJ24素数距离问题,http://www.cnblogs.com/zhaojiedi1992/archive/2012/07/27/zhaojiedi_2012_06_06.html,52
0,https://i.cnblogs.com/EditPosts.aspx?postid=2612543,2612543,http://www.cnblogs.com/zhaojiedi1992/default.html?page=7,HDUOJ   Metric Time,http://www.cnblogs.com/zhaojiedi1992/archive/2012/07/27/zhaojiedi_2012_07_27.html,29
0,https://i.cnblogs.com/EditPosts.aspx?postid=2612547,2612547,http://www.cnblogs.com/zhaojiedi1992/default.html?page=7,HDUOJ  Calendar,http://www.cnblogs.com/zhaojiedi1992/archive/2012/07/27/zhaojiedi_2012_07_2600.html,38
0,https://i.cnblogs.com/EditPosts.aspx?postid=2612549,2612549,http://www.cnblogs.com/zhaojiedi1992/default.html?page=7,HDUOJ 2636   Electrical Outlets,http://www.cnblogs.com/zhaojiedi1992/archive/2012/07/27/zhaojiedi_2012_07_250.html,42
0,https://i.cnblogs.com/EditPosts.aspx?postid=2612552,2612552,http://www.cnblogs.com/zhaojiedi1992/default.html?page=7,HDUOJ3980取模运算,http://www.cnblogs.com/zhaojiedi1992/archive/2012/07/27/zhaojiedi_2012_07_2500.html,51
0,https://i.cnblogs.com/EditPosts.aspx?postid=2612556,2612556,http://www.cnblogs.com/zhaojiedi1992/default.html?page=7,HDUOJ3981字符串替换,http://www.cnblogs.com/zhaojiedi1992/archive/2012/07/27/zhaojiedi_2012_07_250000.html,36
0,https://i.cnblogs.com/EditPosts.aspx?postid=2612560,2612560,http://www.cnblogs.com/zhaojiedi1992/default.html?page=7,HDUOJ1000 A+B Problem,http://www.cnblogs.com/zhaojiedi1992/archive/2012/07/27/zhaojiedi_2012_07_24.html,55
0,https://i.cnblogs.com/EditPosts.aspx?postid=2612564,2612564,http://www.cnblogs.com/zhaojiedi1992/default.html?page=7,HDUOJ2014 青年歌手大奖赛_评委会打分,http://www.cnblogs.com/zhaojiedi1992/archive/2012/07/27/zhaojiedi_2012_07_270.html,98
0,https://i.cnblogs.com/EditPosts.aspx?postid=2612566,2612566,http://www.cnblogs.com/zhaojiedi1992/default.html?page=7,HDUOJ1860  统计字符,http://www.cnblogs.com/zhaojiedi1992/archive/2012/07/27/zhaojiedi_2012_07_27000.html,136
0,https://i.cnblogs.com/EditPosts.aspx?postid=2612569,2612569,http://www.cnblogs.com/zhaojiedi1992/default.html?page=7,HDUOJ2115I    Love This Game,http://www.cnblogs.com/zhaojiedi1992/archive/2012/07/27/zhaojiedi_2012_07_270000.html,30
0,https://i.cnblogs.com/EditPosts.aspx?postid=2612571,2612571,http://www.cnblogs.com/zhaojiedi1992/default.html?page=7,HDUOJ1005Number Sequence,http://www.cnblogs.com/zhaojiedi1992/archive/2012/07/27/zhaojiedi_2012_07_25.html,36
0,https://i.cnblogs.com/EditPosts.aspx?postid=2612573,2612573,http://www.cnblogs.com/zhaojiedi1992/default.html?page=7,HDUOJ1002A + B Problem II,http://www.cnblogs.com/zhaojiedi1992/archive/2012/07/27/zhaojiedi_2012_07_26000.html,35
0,https://i.cnblogs.com/EditPosts.aspx?postid=2612574,2612574,http://www.cnblogs.com/zhaojiedi1992/default.html?page=7,HDUOJ1234开门人和关门人,http://www.cnblogs.com/zhaojiedi1992/archive/2012/07/27/zhaojiedi_2012_07_2500000.html,173
0,https://i.cnblogs.com/EditPosts.aspx?postid=2612576,2612576,http://www.cnblogs.com/zhaojiedi1992/default.html?page=7,HDUOJ1004Let the Balloon Rise,http://www.cnblogs.com/zhaojiedi1992/archive/2012/07/27/zhaojiedi_2012_07_260000.html,22
0,https://i.cnblogs.com/EditPosts.aspx?postid=2612577,2612577,http://www.cnblogs.com/zhaojiedi1992/default.html?page=7,HDUOJ1877 又一版 A+B,http://www.cnblogs.com/zhaojiedi1992/archive/2012/07/27/zhaojiedi_2012_07_240.html,54
0,https://i.cnblogs.com/EditPosts.aspx?postid=2612582,2612582,http://www.cnblogs.com/zhaojiedi1992/default.html?page=6,HDUOJ3782  xxx定律,http://www.cnblogs.com/zhaojiedi1992/archive/2012/07/27/zhaojiedi_2012_07_23.html,37
0,https://i.cnblogs.com/EditPosts.aspx?postid=2612588,2612588,http://www.cnblogs.com/zhaojiedi1992/default.html?page=6,HDUOJ1021 Fibonacci Again,http://www.cnblogs.com/zhaojiedi1992/archive/2012/07/27/zhaojiedi_2012_07_18000.html,53
0,https://i.cnblogs.com/EditPosts.aspx?postid=2614941,2614941,http://www.cnblogs.com/zhaojiedi1992/default.html?page=6,NYOJ242计算球体积,http://www.cnblogs.com/zhaojiedi1992/archive/2012/07/30/zhaojiedi_2012_06_060.html,107
0,https://i.cnblogs.com/EditPosts.aspx?postid=2614951,2614951,http://www.cnblogs.com/zhaojiedi1992/default.html?page=6,NYOJ101两点距离,http://www.cnblogs.com/zhaojiedi1992/archive/2012/07/30/zhaojiedi_2012_06_04.html,46
0,https://i.cnblogs.com/EditPosts.aspx?postid=2614963,2614963,http://www.cnblogs.com/zhaojiedi1992/default.html?page=6,NYOJ1001的个数,http://www.cnblogs.com/zhaojiedi1992/archive/2012/07/30/zhaojiedi_2012_06_040.html,40
0,https://i.cnblogs.com/EditPosts.aspx?postid=2614969,2614969,http://www.cnblogs.com/zhaojiedi1992/default.html?page=6,NYOJ77开灯问题,http://www.cnblogs.com/zhaojiedi1992/archive/2012/07/30/zhaojiedi_2012_06_0400.html,57
0,https://i.cnblogs.com/EditPosts.aspx?postid=2614976,2614976,http://www.cnblogs.com/zhaojiedi1992/default.html?page=6,NYOJ74小学生算术,http://www.cnblogs.com/zhaojiedi1992/archive/2012/07/30/zhaojiedi_2012_06_04000.html,46
0,https://i.cnblogs.com/EditPosts.aspx?postid=2614978,2614978,http://www.cnblogs.com/zhaojiedi1992/default.html?page=6,NYOJ72Financial Management,http://www.cnblogs.com/zhaojiedi1992/archive/2012/07/30/zhaojiedi_2012_06_040000.html,24
0,https://i.cnblogs.com/EditPosts.aspx?postid=2614980,2614980,http://www.cnblogs.com/zhaojiedi1992/default.html?page=6,NYOJ11奇偶数分离,http://www.cnblogs.com/zhaojiedi1992/archive/2012/07/30/zhaojiedi_2012_06_03.html,40
0,https://i.cnblogs.com/EditPosts.aspx?postid=2614985,2614985,http://www.cnblogs.com/zhaojiedi1992/default.html?page=6,NYOJ4ASCII码排序,http://www.cnblogs.com/zhaojiedi1992/archive/2012/07/30/zhaojiedi_2012_06_030.html,36
0,https://i.cnblogs.com/EditPosts.aspx?postid=2614987,2614987,http://www.cnblogs.com/zhaojiedi1992/default.html?page=6,NYOJ98成绩转换,http://www.cnblogs.com/zhaojiedi1992/archive/2012/07/30/zhaojiedi_2012_06_0300.html,43
0,https://i.cnblogs.com/EditPosts.aspx?postid=2614990,2614990,http://www.cnblogs.com/zhaojiedi1992/default.html?page=6,NYOJ96n-1位数,http://www.cnblogs.com/zhaojiedi1992/archive/2012/07/30/zhaojiedi_2012_06_02.html,29
0,https://i.cnblogs.com/EditPosts.aspx?postid=2615003,2615003,http://www.cnblogs.com/zhaojiedi1992/default.html?page=6,NYOJ75日期计算,http://www.cnblogs.com/zhaojiedi1992/archive/2012/07/30/zhaojiedi_2012_06_020.html,57
0,https://i.cnblogs.com/EditPosts.aspx?postid=2615007,2615007,http://www.cnblogs.com/zhaojiedi1992/default.html?page=6,NYOJ65另一种阶乘问题,http://www.cnblogs.com/zhaojiedi1992/archive/2012/07/30/zhaojiedi_2012_06_01.html,58
0,https://i.cnblogs.com/EditPosts.aspx?postid=2615011,2615011,http://www.cnblogs.com/zhaojiedi1992/default.html?page=6,NYOJ41三个数从小到大排序,http://www.cnblogs.com/zhaojiedi1992/archive/2012/07/30/zhaojiedi_2012_06_010.html,38
0,https://i.cnblogs.com/EditPosts.aspx?postid=2615013,2615013,http://www.cnblogs.com/zhaojiedi1992/default.html?page=6,NYOJ40公约数和公倍数,http://www.cnblogs.com/zhaojiedi1992/archive/2012/07/30/zhaojiedi_2012_06_0100.html,56
0,https://i.cnblogs.com/EditPosts.aspx?postid=2615024,2615024,http://www.cnblogs.com/zhaojiedi1992/default.html?page=6,NYOJ39水仙花数,http://www.cnblogs.com/zhaojiedi1992/archive/2012/07/30/zhaojiedi_2012_06_01000.html,75
0,https://i.cnblogs.com/EditPosts.aspx?postid=2619938,2619938,http://www.cnblogs.com/zhaojiedi1992/default.html?page=6,NYOJ103A+B Problem II,http://www.cnblogs.com/zhaojiedi1992/archive/2012/08/02/zhaojiedi_2012_08_02.html,50
0,https://i.cnblogs.com/EditPosts.aspx?postid=2619940,2619940,http://www.cnblogs.com/zhaojiedi1992/default.html?page=6,NYOJ204Coin Test,http://www.cnblogs.com/zhaojiedi1992/archive/2012/08/02/zhaojiedi_2012_08_020.html,61
0,https://i.cnblogs.com/EditPosts.aspx?postid=2619948,2619948,http://www.cnblogs.com/zhaojiedi1992/default.html?page=6,NYOJ216A problem is easy,http://www.cnblogs.com/zhaojiedi1992/archive/2012/08/02/zhaojiedi_2012_08_0200.html,44
0,https://i.cnblogs.com/EditPosts.aspx?postid=2619955,2619955,http://www.cnblogs.com/zhaojiedi1992/default.html?page=6,NYOJ217a letter and a number,http://www.cnblogs.com/zhaojiedi1992/archive/2012/08/02/zhaojiedi_2012_08_02000.html,75
0,https://i.cnblogs.com/EditPosts.aspx?postid=2619963,2619963,http://www.cnblogs.com/zhaojiedi1992/default.html?page=6,NYOJ283对称排序,http://www.cnblogs.com/zhaojiedi1992/archive/2012/08/02/zhaojiedi_2012_08_020000.html,103
0,https://i.cnblogs.com/EditPosts.aspx?postid=2619967,2619967,http://www.cnblogs.com/zhaojiedi1992/default.html?page=6,NYOJ484The Famous Clock,http://www.cnblogs.com/zhaojiedi1992/archive/2012/08/02/zhaojiedi_2012_08_0200000.html,53
0,https://i.cnblogs.com/EditPosts.aspx?postid=2619969,2619969,http://www.cnblogs.com/zhaojiedi1992/default.html?page=6,NYOJ122Triangular Sums,http://www.cnblogs.com/zhaojiedi1992/archive/2012/08/02/zhaojiedi_2012_08_02000000.html,109
0,https://i.cnblogs.com/EditPosts.aspx?postid=2619970,2619970,http://www.cnblogs.com/zhaojiedi1992/default.html?page=6,NYOJ94cigarettes,http://www.cnblogs.com/zhaojiedi1992/archive/2012/08/02/zhaojiedi_2012_08_020000000.html,38
0,https://i.cnblogs.com/EditPosts.aspx?postid=2619972,2619972,http://www.cnblogs.com/zhaojiedi1992/default.html?page=6,NYOJ62笨小熊,http://www.cnblogs.com/zhaojiedi1992/archive/2012/08/02/zhaojiedi_2012_08_01.html,226
0,https://i.cnblogs.com/EditPosts.aspx?postid=2620014,2620014,http://www.cnblogs.com/zhaojiedi1992/default.html?page=6,TOJ1153.   Word Reversal,http://www.cnblogs.com/zhaojiedi1992/archive/2012/08/02/zhaojiedi_2012_08_010.html,239
2,https://i.cnblogs.com/EditPosts.aspx?postid=2620174,2620174,http://www.cnblogs.com/zhaojiedi1992/default.html?page=6,TOJ1547.   To and Fro,http://www.cnblogs.com/zhaojiedi1992/archive/2012/08/02/zhaojiedi_2012_08_0100.html,87
0,https://i.cnblogs.com/EditPosts.aspx?postid=2620202,2620202,http://www.cnblogs.com/zhaojiedi1992/default.html?page=6,TOJ1601.   Box of Bricks,http://www.cnblogs.com/zhaojiedi1992/archive/2012/08/02/zhaojiedi_2012_08_01000.html,44
0,https://i.cnblogs.com/EditPosts.aspx?postid=2620206,2620206,http://www.cnblogs.com/zhaojiedi1992/default.html?page=6,TOJ3070.   Encryption,http://www.cnblogs.com/zhaojiedi1992/archive/2012/08/02/zhaojiedi_2012_08_010000.html,59
0,https://i.cnblogs.com/EditPosts.aspx?postid=2637683,2637683,http://www.cnblogs.com/zhaojiedi1992/default.html?page=6,博弈（取石子）专题,http://www.cnblogs.com/zhaojiedi1992/archive/2012/08/14/haojiedi_2012_08_14.html,345
0,https://i.cnblogs.com/EditPosts.aspx?postid=2637718,2637718,http://www.cnblogs.com/zhaojiedi1992/default.html?page=6,NYOJ135  取石子（二）,http://www.cnblogs.com/zhaojiedi1992/archive/2012/08/14/zhaojiedi_2012_08_140.html,166
1,https://i.cnblogs.com/EditPosts.aspx?postid=2637725,2637725,http://www.cnblogs.com/zhaojiedi1992/default.html?page=6,NYOJ 8 一种排序,http://www.cnblogs.com/zhaojiedi1992/archive/2012/08/14/zhaojiedi_2012_08_12.html,327
0,https://i.cnblogs.com/EditPosts.aspx?postid=2637731,2637731,http://www.cnblogs.com/zhaojiedi1992/default.html?page=6,NYOJ 60 谁获得了最高奖学金,http://www.cnblogs.com/zhaojiedi1992/archive/2012/08/14/zhaojiedi_2012_08_120.html,2134
0,https://i.cnblogs.com/EditPosts.aspx?postid=2637734,2637734,http://www.cnblogs.com/zhaojiedi1992/default.html?page=6,NYOJ125盗梦空间,http://www.cnblogs.com/zhaojiedi1992/archive/2012/08/14/zhaojiedi_2012_08_1200.html,150
0,https://i.cnblogs.com/EditPosts.aspx?postid=2637741,2637741,http://www.cnblogs.com/zhaojiedi1992/default.html?page=6,NYOJ199无线网络覆盖,http://www.cnblogs.com/zhaojiedi1992/archive/2012/08/14/zhaojiedi_2012_08_10.html,61
0,https://i.cnblogs.com/EditPosts.aspx?postid=2638493,2638493,http://www.cnblogs.com/zhaojiedi1992/default.html?page=6,怎样调试程序,http://www.cnblogs.com/zhaojiedi1992/archive/2012/08/14/zhaojiedi_2012_08-14000.html,54
0,https://i.cnblogs.com/EditPosts.aspx?postid=2644467,2644467,http://www.cnblogs.com/zhaojiedi1992/default.html?page=6,培训课件,http://www.cnblogs.com/zhaojiedi1992/archive/2012/08/17/zhaojiedi_2012_08_160.html,36
0,https://i.cnblogs.com/EditPosts.aspx?postid=2648557,2648557,http://www.cnblogs.com/zhaojiedi1992/default.html?page=6,二级考试c,http://www.cnblogs.com/zhaojiedi1992/archive/2012/08/21/zhaojiedi1992_2012_08_21.html,38
0,https://i.cnblogs.com/EditPosts.aspx?postid=2649632,2649632,http://www.cnblogs.com/zhaojiedi1992/default.html?page=5,NK1437: 校长杯,http://www.cnblogs.com/zhaojiedi1992/archive/2012/08/21/zhaojiedi1992_2012_08_20.html,44
0,https://i.cnblogs.com/EditPosts.aspx?postid=2649636,2649636,http://www.cnblogs.com/zhaojiedi1992/default.html?page=5,HDUOJ1372Knight Moves,http://www.cnblogs.com/zhaojiedi1992/archive/2012/08/21/zhaojiedi_2012_08_2000.html,49
0,https://i.cnblogs.com/EditPosts.aspx?postid=2652767,2652767,http://www.cnblogs.com/zhaojiedi1992/default.html?page=5,NYOJ26孪生素数问题,http://www.cnblogs.com/zhaojiedi1992/archive/2012/08/23/zhaojiedi_2012_08_23.html,58
0,https://i.cnblogs.com/EditPosts.aspx?postid=2652769,2652769,http://www.cnblogs.com/zhaojiedi1992/default.html?page=5,NYOJ448   寻找最大数,http://www.cnblogs.com/zhaojiedi1992/archive/2012/08/23/zhaojiedi_2012_08_230.html,48
0,https://i.cnblogs.com/EditPosts.aspx?postid=2652774,2652774,http://www.cnblogs.com/zhaojiedi1992/default.html?page=5,NYOJ289苹果,http://www.cnblogs.com/zhaojiedi1992/archive/2012/08/23/zhaojiedi1992_2012_08_2300.html,35
0,https://i.cnblogs.com/EditPosts.aspx?postid=2652775,2652775,http://www.cnblogs.com/zhaojiedi1992/default.html?page=5,NYOJ311完全背包,http://www.cnblogs.com/zhaojiedi1992/archive/2012/08/23/zhaojiedi1992_2012_08_22.html,62
0,https://i.cnblogs.com/EditPosts.aspx?postid=2652778,2652778,http://www.cnblogs.com/zhaojiedi1992/default.html?page=5,NYOJ128前缀式计算,http://www.cnblogs.com/zhaojiedi1992/archive/2012/08/23/zhaojiedi_2012_08_1600.html,54
0,https://i.cnblogs.com/EditPosts.aspx?postid=2750620,2750620,http://www.cnblogs.com/zhaojiedi1992/default.html?page=5,NYOJ176 整数划分（二）,http://www.cnblogs.com/zhaojiedi1992/archive/2012/11/02/zhaojiedi-20121102.html,37
0,https://i.cnblogs.com/EditPosts.aspx?postid=2750623,2750623,http://www.cnblogs.com/zhaojiedi1992/default.html?page=5,NYOJ427 NUMBER SEQUENCE,http://www.cnblogs.com/zhaojiedi1992/archive/2012/11/02/zhaojiedi-201211020.html,33
0,https://i.cnblogs.com/EditPosts.aspx?postid=2750624,2750624,http://www.cnblogs.com/zhaojiedi1992/default.html?page=5,NYOJ467 中缀式变后缀式,http://www.cnblogs.com/zhaojiedi1992/archive/2012/11/02/zhaojiedi-2012110200.html,131
0,https://i.cnblogs.com/EditPosts.aspx?postid=2767077,2767077,http://www.cnblogs.com/zhaojiedi1992/default.html?page=5,NYOJ92图像有用区域,http://www.cnblogs.com/zhaojiedi1992/archive/2012/11/12/zhaojiedi1992_2012_11_12.html,97
0,https://i.cnblogs.com/EditPosts.aspx?postid=2767086,2767086,http://www.cnblogs.com/zhaojiedi1992/default.html?page=5,NYOJ488素数环,http://www.cnblogs.com/zhaojiedi1992/archive/2012/11/12/zhaojiedi_2012_11_12_2.html,142
0,https://i.cnblogs.com/EditPosts.aspx?postid=2767090,2767090,http://www.cnblogs.com/zhaojiedi1992/default.html?page=5,NYOJ325zb的生日,http://www.cnblogs.com/zhaojiedi1992/archive/2012/11/12/zhaojiedi_2012_11_11.html,63
0,https://i.cnblogs.com/EditPosts.aspx?postid=2767098,2767098,http://www.cnblogs.com/zhaojiedi1992/default.html?page=5,NYOJ20吝啬的国度,http://www.cnblogs.com/zhaojiedi1992/archive/2012/11/12/zhaojiedi_2012_11_11_2.html,71
0,https://i.cnblogs.com/EditPosts.aspx?postid=2767109,2767109,http://www.cnblogs.com/zhaojiedi1992/default.html?page=5,NYOJ287Radar,http://www.cnblogs.com/zhaojiedi1992/archive/2012/11/12/zhaojiedi_2012_11_11_03.html,40
0,https://i.cnblogs.com/EditPosts.aspx?postid=2767112,2767112,http://www.cnblogs.com/zhaojiedi1992/default.html?page=5,NYOJ236心急的C小加,http://www.cnblogs.com/zhaojiedi1992/archive/2012/11/12/zhaojiedi_2012_11_11_3.html,103
0,https://i.cnblogs.com/EditPosts.aspx?postid=2767117,2767117,http://www.cnblogs.com/zhaojiedi1992/default.html?page=5,NYOJ71独木舟上的旅行,http://www.cnblogs.com/zhaojiedi1992/archive/2012/11/12/zhaojiedi_2012_11_11_4.html,127
0,https://i.cnblogs.com/EditPosts.aspx?postid=2767121,2767121,http://www.cnblogs.com/zhaojiedi1992/default.html?page=5,NYOJ47过河问题,http://www.cnblogs.com/zhaojiedi1992/archive/2012/11/12/zhaojiedi_2012_11_11_5.html,84
0,https://i.cnblogs.com/EditPosts.aspx?postid=2770621,2770621,http://www.cnblogs.com/zhaojiedi1992/default.html?page=5,NYOJ519密码发生器,http://www.cnblogs.com/zhaojiedi1992/archive/2012/11/14/zhaojiedi1992_2012_11_14.html,204
0,https://i.cnblogs.com/EditPosts.aspx?postid=2770625,2770625,http://www.cnblogs.com/zhaojiedi1992/default.html?page=5,NYOJ148fibonacci数列(二),http://www.cnblogs.com/zhaojiedi1992/archive/2012/11/14/zhaojiedi1992_2012_11_02.html,34
0,https://i.cnblogs.com/EditPosts.aspx?postid=2770632,2770632,http://www.cnblogs.com/zhaojiedi1992/default.html?page=5,NYOJ176整数划分（二）,http://www.cnblogs.com/zhaojiedi1992/archive/2012/11/14/zhaojiedi1992_2012_10_26.html,36
0,https://i.cnblogs.com/EditPosts.aspx?postid=2770634,2770634,http://www.cnblogs.com/zhaojiedi1992/default.html?page=5,NYOJ427Number Sequence,http://www.cnblogs.com/zhaojiedi1992/archive/2012/11/14/zhaojiedi1992_2012_10_260.html,47
0,https://i.cnblogs.com/EditPosts.aspx?postid=2770636,2770636,http://www.cnblogs.com/zhaojiedi1992/default.html?page=5,NYOJ467中缀式变后缀式,http://www.cnblogs.com/zhaojiedi1992/archive/2012/11/14/zhaojiedi1992_2012_10_2600.html,222
0,https://i.cnblogs.com/EditPosts.aspx?postid=2770639,2770639,http://www.cnblogs.com/zhaojiedi1992/default.html?page=5,NYOJ524A-B Problem,http://www.cnblogs.com/zhaojiedi1992/archive/2012/11/14/zhaojiedi1992_2012_10_26000.html,157
0,https://i.cnblogs.com/EditPosts.aspx?postid=2770642,2770642,http://www.cnblogs.com/zhaojiedi1992/default.html?page=5,NYOJ44子串和,http://www.cnblogs.com/zhaojiedi1992/archive/2012/11/14/zhaojiedi1992_2012_10_260000.html,132
0,https://i.cnblogs.com/EditPosts.aspx?postid=2770644,2770644,http://www.cnblogs.com/zhaojiedi1992/default.html?page=5,NYOJ58最少步数,http://www.cnblogs.com/zhaojiedi1992/archive/2012/11/14/zhaojiedi1992_2012_10_25.html,177
0,https://i.cnblogs.com/EditPosts.aspx?postid=2795616,2795616,http://www.cnblogs.com/zhaojiedi1992/default.html?page=5,最短路径算法,http://www.cnblogs.com/zhaojiedi1992/archive/2012/11/30/20121130_0.html,3399
0,https://i.cnblogs.com/EditPosts.aspx?postid=2821610,2821610,http://www.cnblogs.com/zhaojiedi1992/default.html?page=5,运算符重载实现复数的加减乘除,http://www.cnblogs.com/zhaojiedi1992/archive/2012/12/17/142857_12_12_17.html,1944
0,https://i.cnblogs.com/EditPosts.aspx?postid=2821981,2821981,http://www.cnblogs.com/zhaojiedi1992/default.html?page=5,构造函数和析构函数,http://www.cnblogs.com/zhaojiedi1992/archive/2012/12/17/142857_12_12_17-1.html,53
0,https://i.cnblogs.com/EditPosts.aspx?postid=2821989,2821989,http://www.cnblogs.com/zhaojiedi1992/default.html?page=5,静态变量动态变量全局变量局部变量,http://www.cnblogs.com/zhaojiedi1992/archive/2012/12/17/142857_12_12_17-2.html,227
0,https://i.cnblogs.com/EditPosts.aspx?postid=2821992,2821992,http://www.cnblogs.com/zhaojiedi1992/default.html?page=5,继承类调用顺序,http://www.cnblogs.com/zhaojiedi1992/archive/2012/12/17/142857_12_12_17-3.html,84
0,https://i.cnblogs.com/EditPosts.aspx?postid=2821994,2821994,http://www.cnblogs.com/zhaojiedi1992/default.html?page=5,输出全班学生的信息,http://www.cnblogs.com/zhaojiedi1992/archive/2012/12/17/142857_12_12_17-4.html,200
0,https://i.cnblogs.com/EditPosts.aspx?postid=2842000,2842000,http://www.cnblogs.com/zhaojiedi1992/default.html?page=5,NYOJ127星际之门（一）,http://www.cnblogs.com/zhaojiedi1992/archive/2013/01/02/142857_20130102.html,182
0,https://i.cnblogs.com/EditPosts.aspx?postid=2999110,2999110,http://www.cnblogs.com/zhaojiedi1992/default.html?page=5,"oracle字符类型 char,varchar2,varchar,clob,nvarchar,nclob",http://www.cnblogs.com/zhaojiedi1992/archive/2013/04/04/oracle_sql_zifu_0.html,1515
0,https://i.cnblogs.com/EditPosts.aspx?postid=3017351,3017351,http://www.cnblogs.com/zhaojiedi1992/default.html?page=5,oracle11g安装先决条件全部失败,http://www.cnblogs.com/zhaojiedi1992/archive/2013/04/12/oracle11g_sql_001.html,183
0,https://i.cnblogs.com/EditPosts.aspx?postid=3052421,3052421,http://www.cnblogs.com/zhaojiedi1992/default.html?page=5,使用控制结构——条件分支语句——简单条件,http://www.cnblogs.com/zhaojiedi1992/archive/2013/04/30/oracle11g_sql_002.html,62
0,https://i.cnblogs.com/EditPosts.aspx?postid=3052455,3052455,http://www.cnblogs.com/zhaojiedi1992/default.html?page=5,使用控制结构——条件分支语句——二重条件条件,http://www.cnblogs.com/zhaojiedi1992/archive/2013/04/30/oracle11g_sql_003.html,48
0,https://i.cnblogs.com/EditPosts.aspx?postid=3052493,3052493,http://www.cnblogs.com/zhaojiedi1992/default.html?page=5,使用控制结构——条件分支语句——多重条件分支,http://www.cnblogs.com/zhaojiedi1992/archive/2013/04/30/oracle11g_sql_004.html,96
0,https://i.cnblogs.com/EditPosts.aspx?postid=3052532,3052532,http://www.cnblogs.com/zhaojiedi1992/default.html?page=5,使用控制结构——条件分支语句——CASE语句,http://www.cnblogs.com/zhaojiedi1992/archive/2013/04/30/oracle11g_sql_005.html,74
0,https://i.cnblogs.com/EditPosts.aspx?postid=3052544,3052544,http://www.cnblogs.com/zhaojiedi1992/default.html?page=5,使用控制结构——循环语句——基本循环,http://www.cnblogs.com/zhaojiedi1992/archive/2013/04/30/oracle11g_sql_006.html,49
0,https://i.cnblogs.com/EditPosts.aspx?postid=3064055,3064055,http://www.cnblogs.com/zhaojiedi1992/default.html?page=4,开发PL/SQL子程序——触发器——语句触发器,http://www.cnblogs.com/zhaojiedi1992/archive/2013/05/07/oracle11g_sql_0022.html,56
0,https://i.cnblogs.com/EditPosts.aspx?postid=3065062,3065062,http://www.cnblogs.com/zhaojiedi1992/default.html?page=4,开发PL/SQL子程序——触发器——行触发器,http://www.cnblogs.com/zhaojiedi1992/archive/2013/05/07/oracle11g_sql_0023.html,152
0,https://i.cnblogs.com/EditPosts.aspx?postid=3065095,3065095,http://www.cnblogs.com/zhaojiedi1992/default.html?page=4,开发PL/SQL子程序——触发器——使用触发器注意事项,http://www.cnblogs.com/zhaojiedi1992/archive/2013/05/07/oracle11g_sql_0024.html,486
0,https://i.cnblogs.com/EditPosts.aspx?postid=3065105,3065105,http://www.cnblogs.com/zhaojiedi1992/default.html?page=4,开发PL/SQL子程序——触发器——编译触发器，删除触发器，显示触发器,http://www.cnblogs.com/zhaojiedi1992/archive/2013/05/07/oracle11g_sql_0025.html,43
0,https://i.cnblogs.com/EditPosts.aspx?postid=3065323,3065323,http://www.cnblogs.com/zhaojiedi1992/default.html?page=4,hduoj  1518square,http://www.cnblogs.com/zhaojiedi1992/archive/2013/05/07/zhaojiedi.html,37
0,https://i.cnblogs.com/EditPosts.aspx?postid=3065795,3065795,http://www.cnblogs.com/zhaojiedi1992/default.html?page=4,管理例程——数据库管理员,http://www.cnblogs.com/zhaojiedi1992/archive/2013/05/07/oracle11g_sql_0026.html,58
0,https://i.cnblogs.com/EditPosts.aspx?postid=3065938,3065938,http://www.cnblogs.com/zhaojiedi1992/default.html?page=4,管理例程——特权用户验证,http://www.cnblogs.com/zhaojiedi1992/archive/2013/05/07/oracle11g_sql_0027.html,70
0,https://i.cnblogs.com/EditPosts.aspx?postid=3066105,3066105,http://www.cnblogs.com/zhaojiedi1992/default.html?page=4,管理例程——管理初始化参数——常用参数,http://www.cnblogs.com/zhaojiedi1992/archive/2013/05/08/oracle11g_sql_0028.html,54
0,https://i.cnblogs.com/EditPosts.aspx?postid=3066106,3066106,http://www.cnblogs.com/zhaojiedi1992/default.html?page=4,管理例程——管理初始化参数——参数文件,http://www.cnblogs.com/zhaojiedi1992/archive/2013/05/08/oracle11g_sql_0029.html,70
0,https://i.cnblogs.com/EditPosts.aspx?postid=3067191,3067191,http://www.cnblogs.com/zhaojiedi1992/default.html?page=4,管理例程——管理初始化参数——修改动态参数和静态参数,http://www.cnblogs.com/zhaojiedi1992/archive/2013/05/08/oracle11g_sql_0030.html,71
0,https://i.cnblogs.com/EditPosts.aspx?postid=3068850,3068850,http://www.cnblogs.com/zhaojiedi1992/default.html?page=4,管理例程——管理初始化参数——显示参数文件,http://www.cnblogs.com/zhaojiedi1992/archive/2013/05/09/oracle11g_sql_0031.html,405
0,https://i.cnblogs.com/EditPosts.aspx?postid=3076575,3076575,http://www.cnblogs.com/zhaojiedi1992/default.html?page=4,启动和停止数据库——启动例程并打开数据库,http://www.cnblogs.com/zhaojiedi1992/archive/2013/05/13/oracle11g_sql_0032.html,25
0,https://i.cnblogs.com/EditPosts.aspx?postid=3077500,3077500,http://www.cnblogs.com/zhaojiedi1992/default.html?page=4,启动和停止数据库——停止例程,http://www.cnblogs.com/zhaojiedi1992/archive/2013/05/14/oracle11g_sql_0033.html,65
0,https://i.cnblogs.com/EditPosts.aspx?postid=3078125,3078125,http://www.cnblogs.com/zhaojiedi1992/default.html?page=4,启动和停止数据库——停顿和暂停数据库,http://www.cnblogs.com/zhaojiedi1992/archive/2013/05/14/oracle11g_sql_0034.html,428
0,https://i.cnblogs.com/EditPosts.aspx?postid=3078136,3078136,http://www.cnblogs.com/zhaojiedi1992/default.html?page=4,启动和停止数据库——显示例程信息,http://www.cnblogs.com/zhaojiedi1992/archive/2013/05/14/oracle11g_sql_0035.html,25
0,https://i.cnblogs.com/EditPosts.aspx?postid=3078799,3078799,http://www.cnblogs.com/zhaojiedi1992/default.html?page=4,数据字典和动态性能视图——数据字典,http://www.cnblogs.com/zhaojiedi1992/archive/2013/05/14/oracle11g_sql_0036.html,45
0,https://i.cnblogs.com/EditPosts.aspx?postid=3078836,3078836,http://www.cnblogs.com/zhaojiedi1992/default.html?page=4,数据字典和动态性能视图——常用数据字典,http://www.cnblogs.com/zhaojiedi1992/archive/2013/05/14/oracle11g_sql_0037.html,120
0,https://i.cnblogs.com/EditPosts.aspx?postid=3080629,3080629,http://www.cnblogs.com/zhaojiedi1992/default.html?page=4,数据字典和动态性能视图——动态性能视图,http://www.cnblogs.com/zhaojiedi1992/archive/2013/05/15/oracle11g_sql_0038.html,63
0,https://i.cnblogs.com/EditPosts.aspx?postid=3081637,3081637,http://www.cnblogs.com/zhaojiedi1992/default.html?page=4,数据字典和动态性能视图——常用动态性能视图,http://www.cnblogs.com/zhaojiedi1992/archive/2013/05/16/oracle11g_sql_0039.html,311
0,https://i.cnblogs.com/EditPosts.aspx?postid=3084701,3084701,http://www.cnblogs.com/zhaojiedi1992/default.html?page=4,复杂查询——数据分组——分组函数,http://www.cnblogs.com/zhaojiedi1992/archive/2013/05/17/oracle11g_sql_0040.html,79
0,https://i.cnblogs.com/EditPosts.aspx?postid=3091269,3091269,http://www.cnblogs.com/zhaojiedi1992/default.html?page=4,管理表空间和数据文件——数据库逻辑结构,http://www.cnblogs.com/zhaojiedi1992/archive/2013/05/21/oracle11g_sql_0041.html,277
0,https://i.cnblogs.com/EditPosts.aspx?postid=3091294,3091294,http://www.cnblogs.com/zhaojiedi1992/default.html?page=4,管理表空间和数据文件——建立表空间——建立本地管理表空间,http://www.cnblogs.com/zhaojiedi1992/archive/2013/05/21/oracle11g_sql_0042.html,210
0,https://i.cnblogs.com/EditPosts.aspx?postid=3091817,3091817,http://www.cnblogs.com/zhaojiedi1992/default.html?page=4,管理表空间和数据文件——建立表空间——建立字典管理表空间和建立加密表空间,http://www.cnblogs.com/zhaojiedi1992/archive/2013/05/21/oracle11g_sql_0043.html,140
0,https://i.cnblogs.com/EditPosts.aspx?postid=3091829,3091829,http://www.cnblogs.com/zhaojiedi1992/default.html?page=4,oracle Wallet的使用,http://www.cnblogs.com/zhaojiedi1992/archive/2013/05/21/oracle11g_sql_0044.html,3522
0,https://i.cnblogs.com/EditPosts.aspx?postid=3092600,3092600,http://www.cnblogs.com/zhaojiedi1992/default.html?page=4,管理表空间和数据文件——建立表空间——建立大文件表空间和建立undo表空间和建立非标准表空间,http://www.cnblogs.com/zhaojiedi1992/archive/2013/05/22/oracle11g_sql_0045.html,551
0,https://i.cnblogs.com/EditPosts.aspx?postid=3093055,3093055,http://www.cnblogs.com/zhaojiedi1992/default.html?page=3,管理表空间和数据文件——维护表空间——改变表空间的可用性,http://www.cnblogs.com/zhaojiedi1992/archive/2013/05/22/oracle11g_sql_0047.html,326
0,https://i.cnblogs.com/EditPosts.aspx?postid=3093423,3093423,http://www.cnblogs.com/zhaojiedi1992/default.html?page=3,管理表空间和数据文件——维护表空间——改变表空间的读写状态和改变表空间名称,http://www.cnblogs.com/zhaojiedi1992/archive/2013/05/22/oracle11g_sql_0048.html,228
0,https://i.cnblogs.com/EditPosts.aspx?postid=3093715,3093715,http://www.cnblogs.com/zhaojiedi1992/default.html?page=3,管理表空间和数据文件——维护表空间——设置默认表空间和删除表空间和删除数据文件盒临时文件,http://www.cnblogs.com/zhaojiedi1992/archive/2013/05/22/oracle11g_sql_0049.html,508
0,https://i.cnblogs.com/EditPosts.aspx?postid=3094638,3094638,http://www.cnblogs.com/zhaojiedi1992/default.html?page=3,管理表空间和数据文件——扩展表空间,http://www.cnblogs.com/zhaojiedi1992/archive/2013/05/23/oracle11g_sql_0050.html,47
0,https://i.cnblogs.com/EditPosts.aspx?postid=3095358,3095358,http://www.cnblogs.com/zhaojiedi1992/default.html?page=3,管理表空间和数据文件——移动数据文件,http://www.cnblogs.com/zhaojiedi1992/archive/2013/05/23/oracle11g_sql_0051.html,73
0,https://i.cnblogs.com/EditPosts.aspx?postid=3097650,3097650,http://www.cnblogs.com/zhaojiedi1992/default.html?page=3,管理表空间和数据文件——使用OMF方式管理表空间,http://www.cnblogs.com/zhaojiedi1992/archive/2013/05/24/oracle11g_sql_0052.html,728
0,https://i.cnblogs.com/EditPosts.aspx?postid=3098051,3098051,http://www.cnblogs.com/zhaojiedi1992/default.html?page=3,管理表空间和数据文件——显示表空间和数据文件信息,http://www.cnblogs.com/zhaojiedi1992/archive/2013/05/24/oracle11g_sql_0053.html,238
0,https://i.cnblogs.com/EditPosts.aspx?postid=3098342,3098342,http://www.cnblogs.com/zhaojiedi1992/default.html?page=3,管理对象空间——段,http://www.cnblogs.com/zhaojiedi1992/archive/2013/05/25/oracle11g_sql_0054.html,104
0,https://i.cnblogs.com/EditPosts.aspx?postid=3098730,3098730,http://www.cnblogs.com/zhaojiedi1992/default.html?page=3,管理对象空间——管理存储参数,http://www.cnblogs.com/zhaojiedi1992/archive/2013/05/25/oracle11g_sql_0055.html,89
0,https://i.cnblogs.com/EditPosts.aspx?postid=3099333,3099333,http://www.cnblogs.com/zhaojiedi1992/default.html?page=3,管理对象空间——使用存储参数和显示区信息,http://www.cnblogs.com/zhaojiedi1992/archive/2013/05/25/oracle11g_sql_0056.html,111
0,https://i.cnblogs.com/EditPosts.aspx?postid=3100375,3100375,http://www.cnblogs.com/zhaojiedi1992/default.html?page=3,管理数据块空间——块空间参数,http://www.cnblogs.com/zhaojiedi1992/archive/2013/05/26/oracle11g_sql_0057.html,109
0,https://i.cnblogs.com/EditPosts.aspx?postid=3101205,3101205,http://www.cnblogs.com/zhaojiedi1992/default.html?page=3,管理数据块空间,http://www.cnblogs.com/zhaojiedi1992/archive/2013/05/27/oracle11g_sql_0058.html,44
0,https://i.cnblogs.com/EditPosts.aspx?postid=3104085,3104085,http://www.cnblogs.com/zhaojiedi1992/default.html?page=3,管理用户和PROFILE——用户方案和profile,http://www.cnblogs.com/zhaojiedi1992/archive/2013/05/28/oracle11g_sql_0059.html,36
0,https://i.cnblogs.com/EditPosts.aspx?postid=3104311,3104311,http://www.cnblogs.com/zhaojiedi1992/default.html?page=3,管理用户和PROFILE——管理用户,http://www.cnblogs.com/zhaojiedi1992/archive/2013/05/28/oracle11g_sql_0060.html,61
0,https://i.cnblogs.com/EditPosts.aspx?postid=3105598,3105598,http://www.cnblogs.com/zhaojiedi1992/default.html?page=3,管理用户和PROFILE——管理用户——修改用户,http://www.cnblogs.com/zhaojiedi1992/archive/2013/05/29/oracle11g_sql_0061.html,714
0,https://i.cnblogs.com/EditPosts.aspx?postid=3106934,3106934,http://www.cnblogs.com/zhaojiedi1992/default.html?page=3,管理用户和PROFILE ——管理PROFILE——使用PROFILE管理口令,http://www.cnblogs.com/zhaojiedi1992/archive/2013/05/29/oracle11g_sql_0062.html,515
0,https://i.cnblogs.com/EditPosts.aspx?postid=3111159,3111159,http://www.cnblogs.com/zhaojiedi1992/default.html?page=3,管理用户和PROFILE ——管理PROFILE——使用PROFILE管理资源,http://www.cnblogs.com/zhaojiedi1992/archive/2013/05/31/oracle11g_sql_0063.html,191
0,https://i.cnblogs.com/EditPosts.aspx?postid=3111770,3111770,http://www.cnblogs.com/zhaojiedi1992/default.html?page=3,Io 异常 The Network Adapter could not establish the connection的三种解决方法,http://www.cnblogs.com/zhaojiedi1992/archive/2013/06/01/oracle11g_sql_0064.html,141834
0,https://i.cnblogs.com/EditPosts.aspx?postid=3117867,3117867,http://www.cnblogs.com/zhaojiedi1992/default.html?page=3,oracle11g快速入门习题集答案——oracle11g快速入门,http://www.cnblogs.com/zhaojiedi1992/archive/2013/06/04/oracle11g_sql_0065.html,186
0,https://i.cnblogs.com/EditPosts.aspx?postid=3150766,3150766,http://www.cnblogs.com/zhaojiedi1992/default.html?page=3,解决oracle_4031错误的方法,http://www.cnblogs.com/zhaojiedi1992/p/oracle11g_sql_0066.html,1344
0,https://i.cnblogs.com/EditPosts.aspx?postid=3163167,3163167,http://www.cnblogs.com/zhaojiedi1992/default.html?page=3,学习动态性能表 v$sql,http://www.cnblogs.com/zhaojiedi1992/p/oracle11g_sql_0068.html,226
0,https://i.cnblogs.com/EditPosts.aspx?postid=3320685,3320685,http://www.cnblogs.com/zhaojiedi1992/default.html?page=3,system partition table,http://www.cnblogs.com/zhaojiedi1992/p/oracle_1.html,268
0,https://i.cnblogs.com/EditPosts.aspx?postid=3349926,3349926,http://www.cnblogs.com/zhaojiedi1992/default.html?page=3,Oracle ABP(Autotask Background Process),http://www.cnblogs.com/zhaojiedi1992/p/oracle_56.html,1648
0,https://i.cnblogs.com/EditPosts.aspx?postid=3350007,3350007,http://www.cnblogs.com/zhaojiedi1992/default.html?page=3,oralce health monitor,http://www.cnblogs.com/zhaojiedi1992/p/oracle_57.html,505
0,https://i.cnblogs.com/EditPosts.aspx?postid=3353255,3353255,http://www.cnblogs.com/zhaojiedi1992/default.html?page=3,oracle flashback,http://www.cnblogs.com/zhaojiedi1992/p/oracle_59.html,313
0,https://i.cnblogs.com/EditPosts.aspx?postid=3353263,3353263,http://www.cnblogs.com/zhaojiedi1992/default.html?page=3,flashback data archive （转）,http://www.cnblogs.com/zhaojiedi1992/p/oracle_60.html,58
0,https://i.cnblogs.com/EditPosts.aspx?postid=4725466,4725466,http://www.cnblogs.com/zhaojiedi1992/default.html?page=3,最小二乘原理求解线性回归方程,http://www.cnblogs.com/zhaojiedi1992/p/zhaojiedi_csharp.html,1242
0,https://i.cnblogs.com/EditPosts.aspx?postid=4967162,4967162,http://www.cnblogs.com/zhaojiedi1992/default.html?page=3,STL学习系列一：STL(标准模板库)理论基础,http://www.cnblogs.com/zhaojiedi1992/p/zhaojiedi_stl_001.html,500
0,https://i.cnblogs.com/EditPosts.aspx?postid=4967308,4967308,http://www.cnblogs.com/zhaojiedi1992/default.html?page=3,STL学习系列二：Vector容器,http://www.cnblogs.com/zhaojiedi1992/p/zhaojiedi_stl_002.html,127
0,https://i.cnblogs.com/EditPosts.aspx?postid=4971201,4971201,http://www.cnblogs.com/zhaojiedi1992/default.html?page=3,STL学习系列三：Deque容器,http://www.cnblogs.com/zhaojiedi1992/p/zhaojiedi_stl_003.html,86
0,https://i.cnblogs.com/EditPosts.aspx?postid=5025514,5025514,http://www.cnblogs.com/zhaojiedi1992/default.html?page=3,STL学习系列四：Stack容器,http://www.cnblogs.com/zhaojiedi1992/p/zhaojiedi_stl_004.html,224
0,https://i.cnblogs.com/EditPosts.aspx?postid=5025617,5025617,http://www.cnblogs.com/zhaojiedi1992/default.html?page=3,STL学习系列五：Queue容器,http://www.cnblogs.com/zhaojiedi1992/p/zhaojiedi_stl_005.html,260
0,https://i.cnblogs.com/EditPosts.aspx?postid=5028365,5028365,http://www.cnblogs.com/zhaojiedi1992/default.html?page=3,STL学习系列六：List容器,http://www.cnblogs.com/zhaojiedi1992/p/zhaojiedi_stl_006.html,82
0,https://i.cnblogs.com/EditPosts.aspx?postid=5028396,5028396,http://www.cnblogs.com/zhaojiedi1992/default.html?page=3,STL学习系列七：优先级队列priority_queue容器,http://www.cnblogs.com/zhaojiedi1992/p/zhaojiedi_stl_007.html,69
0,https://i.cnblogs.com/EditPosts.aspx?postid=5028409,5028409,http://www.cnblogs.com/zhaojiedi1992/default.html?page=3,STL学习系列八：Set和multiset容器,http://www.cnblogs.com/zhaojiedi1992/p/zhaojiedi_stl_008.html,79
0,https://i.cnblogs.com/EditPosts.aspx?postid=5044373,5044373,http://www.cnblogs.com/zhaojiedi1992/default.html?page=3,STL学习系列九：Map和multimap容器,http://www.cnblogs.com/zhaojiedi1992/p/zhaojiedi_stl_009.html,92
0,https://i.cnblogs.com/EditPosts.aspx?postid=5091951,5091951,http://www.cnblogs.com/zhaojiedi1992/default.html?page=3,c#动态加载dll文件,http://www.cnblogs.com/zhaojiedi1992/p/zhaojiedi_cs_0001.html,50
0,https://i.cnblogs.com/EditPosts.aspx?postid=5098983,5098983,http://www.cnblogs.com/zhaojiedi1992/default.html?page=3,OracleHelper类,http://www.cnblogs.com/zhaojiedi1992/p/zhaojiedi_oracle_0001.html,1741
0,https://i.cnblogs.com/EditPosts.aspx?postid=5123849,5123849,http://www.cnblogs.com/zhaojiedi1992/default.html?page=2,常见的六种排序算法实现,http://www.cnblogs.com/zhaojiedi1992/p/zhaojiedi_c_000001.html,69
0,https://i.cnblogs.com/EditPosts.aspx?postid=5123853,5123853,http://www.cnblogs.com/zhaojiedi1992/default.html?page=2,窗体之间传递值的几种方法,http://www.cnblogs.com/zhaojiedi1992/p/zhaojiedi_cs_0002.html,177
0,https://i.cnblogs.com/EditPosts.aspx?postid=5160062,5160062,http://www.cnblogs.com/zhaojiedi1992/default.html?page=2,四叉树编码存储的实现,http://www.cnblogs.com/zhaojiedi1992/p/zhaojiedi_cs_0003.html,93
0,https://i.cnblogs.com/EditPosts.aspx?postid=5177324,5177324,http://www.cnblogs.com/zhaojiedi1992/default.html?page=2,四种数据库分页查询的编写,http://www.cnblogs.com/zhaojiedi1992/p/zhaojiedi_sql_001.html,181
0,https://i.cnblogs.com/EditPosts.aspx?postid=5183765,5183765,http://www.cnblogs.com/zhaojiedi1992/default.html?page=2,js仿qq分组折叠效果,http://www.cnblogs.com/zhaojiedi1992/p/zhaojiedi_js_001.html,102
0,https://i.cnblogs.com/EditPosts.aspx?postid=5189722,5189722,http://www.cnblogs.com/zhaojiedi1992/default.html?page=2,jquery选择器,http://www.cnblogs.com/zhaojiedi1992/p/zhaojiedi_js_002.html,54
0,https://i.cnblogs.com/EditPosts.aspx?postid=5189829,5189829,http://www.cnblogs.com/zhaojiedi1992/default.html?page=2,jquery中的dom操作,http://www.cnblogs.com/zhaojiedi1992/p/zhaojiedi_js_003.html,36
0,https://i.cnblogs.com/EditPosts.aspx?postid=5190459,5190459,http://www.cnblogs.com/zhaojiedi1992/default.html?page=2,jquery中的事件,http://www.cnblogs.com/zhaojiedi1992/p/zhaojiedi_js_004.html,48
0,https://i.cnblogs.com/EditPosts.aspx?postid=5190589,5190589,http://www.cnblogs.com/zhaojiedi1992/default.html?page=2,jquery中的动画,http://www.cnblogs.com/zhaojiedi1992/p/zhaojiedi_js_005.html,31
0,https://i.cnblogs.com/EditPosts.aspx?postid=5356932,5356932,http://www.cnblogs.com/zhaojiedi1992/default.html?page=2,c#调用c++ dll的一个例子,http://www.cnblogs.com/zhaojiedi1992/p/zhaojiedi_cs_001.html,50
0,https://i.cnblogs.com/EditPosts.aspx?postid=5382313,5382313,http://www.cnblogs.com/zhaojiedi1992/default.html?page=2,WebBrowser使用例子,http://www.cnblogs.com/zhaojiedi1992/p/zhaojiedi_cs_002.html,160
0,https://i.cnblogs.com/EditPosts.aspx?postid=5439827,5439827,http://www.cnblogs.com/zhaojiedi1992/default.html?page=2,arcgis 加载png图片实现图片跟随地图缩放 和图片的动态播放,http://www.cnblogs.com/zhaojiedi1992/p/zhaojiedi_arcgis_001.html,134
0,https://i.cnblogs.com/EditPosts.aspx?postid=5576657,5576657,http://www.cnblogs.com/zhaojiedi1992/default.html?page=2,linux下umask的使用讲解,http://www.cnblogs.com/zhaojiedi1992/p/zhaojiedi_linux_001.html,92
2,https://i.cnblogs.com/EditPosts.aspx?postid=5661750,5661750,http://www.cnblogs.com/zhaojiedi1992/default.html?page=2,yum源配置,http://www.cnblogs.com/zhaojiedi1992/p/zhaojiedi_linux_002.html,672
0,https://i.cnblogs.com/EditPosts.aspx?postid=5661939,5661939,http://www.cnblogs.com/zhaojiedi1992/default.html?page=2,centos7编译linux的内核源码,http://www.cnblogs.com/zhaojiedi1992/p/zhaojiedi_linux_003.html,1945
0,https://i.cnblogs.com/EditPosts.aspx?postid=5696845,5696845,http://www.cnblogs.com/zhaojiedi1992/default.html?page=2,记一次安装Ipython的流程,http://www.cnblogs.com/zhaojiedi1992/p/zhaojiedi_python_001.html,8762
0,https://i.cnblogs.com/EditPosts.aspx?postid=5786735,5786735,http://www.cnblogs.com/zhaojiedi1992/default.html?page=2,如何使用借助python完成 ARCGIS工具箱的调用,http://www.cnblogs.com/zhaojiedi1992/p/zhaojiedi_python_003.html,230
0,https://i.cnblogs.com/EditPosts.aspx?postid=6062250,6062250,http://www.cnblogs.com/zhaojiedi1992/default.html?page=2,DateTimeHelper,http://www.cnblogs.com/zhaojiedi1992/p/zhaojiedi_csharp_001.html,42
0,https://i.cnblogs.com/EditPosts.aspx?postid=6112200,6112200,http://www.cnblogs.com/zhaojiedi1992/default.html?page=2,wget的使用详解,http://www.cnblogs.com/zhaojiedi1992/p/zhaojiedi_linux_004.html,111
0,https://i.cnblogs.com/EditPosts.aspx?postid=6381648,6381648,http://www.cnblogs.com/zhaojiedi1992/default.html?page=2,Centos7搭建邮件服务器-Postfix+Cyrus-sasl+Courier-authlib+Dovecot+ExtMail+Centos7,http://www.cnblogs.com/zhaojiedi1992/p/zhaojiedi_linux_005_mail.html,419
0,https://i.cnblogs.com/EditPosts.aspx?postid=6390219,6390219,http://www.cnblogs.com/zhaojiedi1992/default.html?page=2,Centos创建ftp服务器,http://www.cnblogs.com/zhaojiedi1992/p/zhaojiedi_linux_006_ftp.html,53
0,https://i.cnblogs.com/EditPosts.aspx?postid=6422076,6422076,http://www.cnblogs.com/zhaojiedi1992/default.html?page=2,centos7下安装samba服务器,http://www.cnblogs.com/zhaojiedi1992/p/zhaojiedi_linux_007_samba.html,529
0,https://i.cnblogs.com/EditPosts.aspx?postid=6433267,6433267,http://www.cnblogs.com/zhaojiedi1992/default.html?page=2,TCPWrap的使用配置,http://www.cnblogs.com/zhaojiedi1992/p/zhaojiedi_linux_008.html,32
0,https://i.cnblogs.com/EditPosts.aspx?postid=6442724,6442724,http://www.cnblogs.com/zhaojiedi1992/default.html?page=2,MYSQL事务隔离级别详解附加实验,http://www.cnblogs.com/zhaojiedi1992/p/zhaojiedi_mysql_001.html,43
0,https://i.cnblogs.com/EditPosts.aspx?postid=6509570,6509570,http://www.cnblogs.com/zhaojiedi1992/default.html?page=2,MODIS数据的下载（新地址）,http://www.cnblogs.com/zhaojiedi1992/p/zhaojiedi_other_001_modis.html,4084
0,https://i.cnblogs.com/EditPosts.aspx?postid=6549853,6549853,http://www.cnblogs.com/zhaojiedi1992/default.html?page=2,sudo的使用和配置,http://www.cnblogs.com/zhaojiedi1992/p/zhaojiedi_linux_009.html,2632
0,https://i.cnblogs.com/EditPosts.aspx?postid=6550150,6550150,http://www.cnblogs.com/zhaojiedi1992/default.html?page=2,bash 的配置文件加载顺序,http://www.cnblogs.com/zhaojiedi1992/p/zhaojiedi_linux_010.html,562
0,https://i.cnblogs.com/EditPosts.aspx?postid=6616087,6616087,http://www.cnblogs.com/zhaojiedi1992/default.html?page=2,搭建私有CA服务器,http://www.cnblogs.com/zhaojiedi1992/p/zhaojiedi_linux_011_ca.html,1170
0,https://i.cnblogs.com/EditPosts.aspx?postid=6616469,6616469,http://www.cnblogs.com/zhaojiedi1992/default.html?page=2,LINUX LVM和快照卷配置和管理,http://www.cnblogs.com/zhaojiedi1992/p/zhaojiedi_linux_012_lvm.html,36
0,https://i.cnblogs.com/EditPosts.aspx?postid=6622385,6622385,http://www.cnblogs.com/zhaojiedi1992/default.html?page=2,LINUX服务器搭建和常用配置介绍,http://www.cnblogs.com/zhaojiedi1992/p/zhaojiedi_linux_000_linux.html,203
0,https://i.cnblogs.com/EditPosts.aspx?postid=6622547,6622547,http://www.cnblogs.com/zhaojiedi1992/default.html?page=2,DNS服务器的搭建,http://www.cnblogs.com/zhaojiedi1992/p/zhaojiedi_linux_013_dns.html,45
0,https://i.cnblogs.com/EditPosts.aspx?postid=6658567,6658567,http://www.cnblogs.com/zhaojiedi1992/default.html?page=2,crontab的使用笔记,http://www.cnblogs.com/zhaojiedi1992/p/zhaojiedi_linux_014_crontab.html,34
0,https://i.cnblogs.com/EditPosts.aspx?postid=6658589,6658589,http://www.cnblogs.com/zhaojiedi1992/default.html?page=2,DHCP服务器的搭建,http://www.cnblogs.com/zhaojiedi1992/p/zhaojiedi_linux_015_dhcp.html,47
0,https://i.cnblogs.com/EditPosts.aspx?postid=6662371,6662371,http://www.cnblogs.com/zhaojiedi1992/default.html?page=2,apache配置虚拟主机的三种方式,http://www.cnblogs.com/zhaojiedi1992/p/zhaojiedi_linux_016_virtualhost.html,1894
0,https://i.cnblogs.com/EditPosts.aspx?postid=6729496,6729496,http://www.cnblogs.com/zhaojiedi1992/default.html?page=2,iptables防火墙常用配置介绍,http://www.cnblogs.com/zhaojiedi1992/p/zhaojiedi_linux_017_iptabls.html,106
0,https://i.cnblogs.com/EditPosts.aspx?postid=6770342,6770342,http://www.cnblogs.com/zhaojiedi1992/default.html?page=2,基于openssl搭建https服务器,http://www.cnblogs.com/zhaojiedi1992/p/zhaojiedi_linux_019_https.html,39
0,https://i.cnblogs.com/EditPosts.aspx?postid=6776289,6776289,http://www.cnblogs.com/zhaojiedi1992/default.html?page=2,httpd的编译安装,http://www.cnblogs.com/zhaojiedi1992/p/zhaojiedi_linux_18_httpd.html,34
0,https://i.cnblogs.com/EditPosts.aspx?postid=6785436,6785436,http://www.cnblogs.com/zhaojiedi1992/default.html?page=2,LAMP环境快速搭建,http://www.cnblogs.com/zhaojiedi1992/p/zhaojiedi_linux_020_lamp.html,27
0,https://i.cnblogs.com/EditPosts.aspx?postid=7202592,7202592,http://www.cnblogs.com/zhaojiedi1992/default.html?page=1,scrapy爬虫学习系列三：scrapy部署到scrapyhub上,http://www.cnblogs.com/zhaojiedi1992/p/zhaojiedi_python_004_scrapyhub.html,159
0,https://i.cnblogs.com/EditPosts.aspx?postid=7345272,7345272,http://www.cnblogs.com/zhaojiedi1992/default.html?page=1,ORA-12154：TNS：无法解析指定的连接标识符,http://www.cnblogs.com/zhaojiedi1992/p/zhaojiedi_oracle_004_ora12154.html,87
0,https://i.cnblogs.com/EditPosts.aspx?postid=7412827,7412827,http://www.cnblogs.com/zhaojiedi1992/default.html?page=1,scrapy pipelines导出各种格式,http://www.cnblogs.com/zhaojiedi1992/p/zhaojiedi_python_005_scrapy.html,149
4,https://i.cnblogs.com/EditPosts.aspx?postid=7416411,7416411,http://www.cnblogs.com/zhaojiedi1992/default.html?page=1,windows下安装bpython方法 （新）,http://www.cnblogs.com/zhaojiedi1992/p/zhaojiedi_python_006_bpython.html,677
0,https://i.cnblogs.com/EditPosts.aspx?postid=7429300,7429300,http://www.cnblogs.com/zhaojiedi1992/default.html?page=1,scrapy爬虫学习系列一：scrapy爬虫环境的准备,http://www.cnblogs.com/zhaojiedi1992/p/zhaojiedi_python_007_scrapy01.html,290
0,https://i.cnblogs.com/EditPosts.aspx?postid=7429889,7429889,http://www.cnblogs.com/zhaojiedi1992/default.html?page=1,scrapy爬虫学习系列二：scrapy简单爬虫样例学习,http://www.cnblogs.com/zhaojiedi1992/p/zhaojiedi_python_007_scrapy02.html,134
0,https://i.cnblogs.com/EditPosts.aspx?postid=7442352,7442352,http://www.cnblogs.com/zhaojiedi1992/default.html?page=1,scrapy爬虫学习系列四：portia的学习入门,http://www.cnblogs.com/zhaojiedi1992/p/zhaojiedi_python_010_scrapy04.html,292
0,https://i.cnblogs.com/EditPosts.aspx?postid=7458852,7458852,http://www.cnblogs.com/zhaojiedi1992/default.html?page=1,scrapy爬虫学习系列五：图片的抓取和下载,http://www.cnblogs.com/zhaojiedi1992/p/zhaojiedi_python_011_scrapy05.html,142
0,https://i.cnblogs.com/EditPosts.aspx?postid=7590264,7590264,http://www.cnblogs.com/zhaojiedi1992/default.html?page=1,linux磁盘管理系列一：磁盘配额管理,http://www.cnblogs.com/zhaojiedi1992/p/zhaojiedi_linux_040_quota.html,113
0,https://i.cnblogs.com/EditPosts.aspx?postid=7798520,7798520,http://www.cnblogs.com/zhaojiedi1992/default.html?page=1,window环境下使用filezilla server搭建ftp服务器,http://www.cnblogs.com/zhaojiedi1992/p/zhaojiedi_tools_004_filezilla.html,96
0,https://i.cnblogs.com/EditPosts.aspx?postid=7809983,7809983,http://www.cnblogs.com/zhaojiedi1992/default.html?page=1,vnc server的安装,http://www.cnblogs.com/zhaojiedi1992/p/zhaojiedi_linux_030_vncserver.html,44
0,https://i.cnblogs.com/EditPosts.aspx?postid=7818077,7818077,http://www.cnblogs.com/zhaojiedi1992/default.html?page=1,"linux中文件的三种time（atime,mtime,ctime）",http://www.cnblogs.com/zhaojiedi1992/p/zhaojiedi_linux_031_linuxtime.html,196
0,https://i.cnblogs.com/EditPosts.aspx?postid=7819040,7819040,http://www.cnblogs.com/zhaojiedi1992/default.html?page=1,git服务器的搭建,http://www.cnblogs.com/zhaojiedi1992/p/zhaojiedi_linux_032_git.html,71
0,https://i.cnblogs.com/EditPosts.aspx?postid=7875226,7875226,http://www.cnblogs.com/zhaojiedi1992/default.html?page=1,vim学习,http://www.cnblogs.com/zhaojiedi1992/p/zhaojiedi_linux_036_vim.html,96
0,https://i.cnblogs.com/EditPosts.aspx?postid=7894727,7894727,http://www.cnblogs.com/zhaojiedi1992/default.html?page=1,scrapy爬虫学习系列七：scrapy常见问题解决方案,http://www.cnblogs.com/zhaojiedi1992/p/zhaojiedi_python_012_scrapy07.html,1062
0,https://i.cnblogs.com/EditPosts.aspx?postid=7922575,7922575,http://www.cnblogs.com/zhaojiedi1992/default.html?page=1,yum仓库的创建,http://www.cnblogs.com/zhaojiedi1992/p/zhaojiedi_linux_037_yumrepo.html,191
0,https://i.cnblogs.com/EditPosts.aspx?postid=7954278,7954278,http://www.cnblogs.com/zhaojiedi1992/default.html?page=1,"linux下（fdisk,gdisk,parted）三种分区工具比较",http://www.cnblogs.com/zhaojiedi1992/p/zhaojiedi_linux_039_fdisk_gdisk_parted.html,209
0,https://i.cnblogs.com/EditPosts.aspx?postid=7994229,7994229,http://www.cnblogs.com/zhaojiedi1992/default.html?page=1,linux磁盘管理系列二：软RAID的实现,http://www.cnblogs.com/zhaojiedi1992/p/zhaojiedi_linux_041_raid.html,269
0,https://i.cnblogs.com/EditPosts.aspx?postid=7997473,7997473,http://www.cnblogs.com/zhaojiedi1992/default.html?page=1,linux磁盘管理系列三：LVM的使用,http://www.cnblogs.com/zhaojiedi1992/p/zhaojiedi_linux_042_lvm.html,438
0,https://i.cnblogs.com/EditPosts.aspx?postid=8037023,8037023,http://www.cnblogs.com/zhaojiedi1992/default.html?page=1,centos修改主机名的正确方法,http://www.cnblogs.com/zhaojiedi1992/p/zhaojiedi_linux_043_hostname.html,4096
0,https://i.cnblogs.com/EditPosts.aspx?postid=8044754,8044754,http://www.cnblogs.com/zhaojiedi1992/default.html?page=1,centos7修改网卡名字为传统名字,http://www.cnblogs.com/zhaojiedi1992/p/zhaojiedi_linux_044_rename_netcard.html,64
0,https://i.cnblogs.com/EditPosts.aspx?postid=8045895,8045895,http://www.cnblogs.com/zhaojiedi1992/default.html?page=1,linux进程管理和系统状态常用命令简介,http://www.cnblogs.com/zhaojiedi1992/p/zhaojiedi_linux_045_ps.html,266
0,https://i.cnblogs.com/EditPosts.aspx?postid=8093852,8093852,http://www.cnblogs.com/zhaojiedi1992/default.html?page=1,sphinx+reStructuredText制作文档,http://www.cnblogs.com/zhaojiedi1992/p/zhaojiedi_python_013_rst_spinx.html,235
0,https://i.cnblogs.com/EditPosts.aspx?postid=8169014,8169014,http://www.cnblogs.com/zhaojiedi1992/default.html?page=1,linux文本处理三剑客的学习,http://www.cnblogs.com/zhaojiedi1992/p/zhaojiedi_liunx_50_grep_sed_awk.html,30
